sample_size,nn_mean_cosine,mean_pairwise_cosine
128,0.22655664384365082,0.01720060070510889
