sample_size,nn_mean_cosine,mean_pairwise_cosine
4096,0.5738569498062134,0.0888346775429922
