sample_size,nn_mean_cosine,mean_pairwise_cosine
128,0.5440868735313416,0.05625674793712539
