sample_size,nn_mean_cosine,mean_pairwise_cosine
4096,0.5613213777542114,0.05625674793712539
