sample_size,nn_mean_cosine,mean_pairwise_cosine
128,0.5547288060188293,0.0888346775429922
