sample_size,nn_mean_cosine,mean_pairwise_cosine
4096,0.23942531645298004,0.020336519270983323
