sample_size,nn_mean_cosine,mean_pairwise_cosine
4096,0.23942406475543976,0.020336457374160878
