sample_size,nn_mean_cosine,mean_pairwise_cosine
128,0.5875012278556824,0.1122993495492768
