sample_size,nn_mean_cosine,mean_pairwise_cosine
4096,0.6061891317367554,0.11229934954927678
